HTTP,405,www.cloudera.com,/services.html,88.97.243.204,2022-01-27 17:27:13.497376

HTTP,423,www.quicloud.com,/contact/submit.html,155.129.209.232,2022-01-27 17:27:13.497498

HTTP,502,www.globalknowledge.com,/index.html,54.249.166.172,2022-01-27 17:27:13.497517

HTTP,502,flume.apache.org,/contact/submit.html,97.50.37.61,2022-01-27 17:27:13.497533

HTTP,505,www.infiniteskills.com,/services.html,91.69.137.14,2022-01-27 17:27:13.497550

HTTP,302,hadoop.apache.org,/support.html,1.229.111.37,2022-01-27 17:27:13.497565

HTTP,414,flume.apache.org,/about.html,140.16.145.16,2022-01-27 17:27:13.497580

HTTP,403,www.quicloud.com,/products.html,82.29.140.188,2022-01-27 17:27:13.497596

HTTP,504,www.quicloud.com,/support.html,167.204.212.235,2022-01-27 17:27:13.497611

HTTP,500,hadoop.apache.org,/products.html,106.109.135.241,2022-01-27 17:27:13.497626

HTTP,423,www.quicloud.com,/contact/submit.html,163.200.46.242,2022-01-27 17:27:13.497646

HTTP,405,flume.apache.org,/index.html,191.1.154.141,2022-01-27 17:27:13.497662

HTTP,304,console.amazon.com,/contact/submit.html,123.0.176.26,2022-01-27 17:27:13.497677

HTTP,426,console.amazon.com,/index.html,166.83.76.72,2022-01-27 17:27:13.497693

HTTP,411,hadoop.apache.org,/support.html,246.133.133.79,2022-01-27 17:27:13.497709

HTTP,301,console.amazon.com,/products.html,129.247.138.203,2022-01-27 17:27:13.497723

HTTP,307,www.gigaom.com,/support.html,243.138.216.196,2022-01-27 17:27:13.497738

HTTP,405,www.gigaom.com,/products.html,250.172.31.218,2022-01-27 17:27:13.497753

HTTP,416,www.gigaom.com,/index.html,50.124.2.159,2022-01-27 17:27:13.497769

HTTP,302,flume.apache.org,/products.html,172.121.249.48,2022-01-27 17:27:13.497790

HTTP,101,console.amazon.com,/contact.html,178.196.98.90,2022-01-27 17:27:13.497805

HTTP,406,www.quicloud.com,/index.html,74.88.154.212,2022-01-27 17:27:13.497819

HTTP,401,www.quicloud.com,/services.html,220.230.250.224,2022-01-27 17:27:13.497834

HTTP,424,www.globalknowledge.com,/support.html,201.239.145.231,2022-01-27 17:27:13.497849

HTTP,510,www.quicloud.com,/services.html,123.251.220.172,2022-01-27 17:27:13.497864

HTTP,416,console.amazon.com,/about.html,11.117.80.139,2022-01-27 17:27:13.497879

HTTP,403,www.cloudera.com,/about.html,156.2.58.4,2022-01-27 17:27:13.497899

HTTP,417,console.amazon.com,/contact.html,221.115.155.77,2022-01-27 17:27:13.497914

HTTP,502,hadoop.apache.org,/support.html,130.85.241.167,2022-01-27 17:27:13.497929

HTTP,203,www.quicloud.com,/services.html,110.31.247.234,2022-01-27 17:27:13.497944

HTTP,304,www.gigaom.com,/index.html,158.190.41.177,2022-01-27 17:27:13.497959

HTTP,400,hadoop.apache.org,/index.html,174.5.5.26,2022-01-27 17:27:13.497975

HTTP,414,hadoop.apache.org,/support.html,176.102.167.9,2022-01-27 17:27:13.497996

HTTP,500,hadoop.apache.org,/about.html,244.0.127.160,2022-01-27 17:27:13.498012

HTTP,307,www.globalknowledge.com,/contact/submit.html,127.248.155.248,2022-01-27 17:27:13.498061

HTTP,300,www.gigaom.com,/services.html,190.111.118.24,2022-01-27 17:27:13.498080

HTTP,202,console.amazon.com,/index.html,219.190.236.54,2022-01-27 17:27:13.498095

HTTP,414,hadoop.apache.org,/about.html,73.142.91.42,2022-01-27 17:27:13.498117

HTTP,203,www.cloudera.com,/support.html,204.71.235.40,2022-01-27 17:27:13.498134

HTTP,416,www.globalknowledge.com,/index.html,83.223.54.141,2022-01-27 17:27:13.498149

HTTP,101,www.globalknowledge.com,/index.html,225.204.208.65,2022-01-27 17:27:13.498170

HTTP,303,www.cloudera.com,/contact/submit.html,35.10.101.59,2022-01-27 17:27:13.498185

HTTP,416,hadoop.apache.org,/contact.html,188.62.21.195,2022-01-27 17:27:13.498205

HTTP,415,flume.apache.org,/index.html,7.122.179.9,2022-01-27 17:27:13.498220

HTTP,307,www.gigaom.com,/services.html,23.156.235.39,2022-01-27 17:27:13.498240

HTTP,414,console.amazon.com,/index.html,168.153.112.139,2022-01-27 17:27:13.498255

HTTP,205,www.infiniteskills.com,/support.html,195.114.13.235,2022-01-27 17:27:13.498276

HTTP,409,hadoop.apache.org,/support.html,126.112.36.51,2022-01-27 17:27:13.498290

HTTP,510,www.quicloud.com,/contact.html,50.10.159.187,2022-01-27 17:27:13.498311

HTTP,423,hadoop.apache.org,/services.html,156.40.11.252,2022-01-27 17:27:13.498326

HTTP,410,hadoop.apache.org,/services.html,250.245.134.147,2022-01-27 17:27:13.999080

HTTP,204,www.gigaom.com,/about.html,52.188.12.164,2022-01-27 17:27:13.999143

HTTP,206,console.amazon.com,/support.html,117.229.168.123,2022-01-27 17:27:13.999164

HTTP,300,hadoop.apache.org,/services.html,116.163.162.145,2022-01-27 17:27:13.999189

HTTP,300,console.amazon.com,/support.html,28.125.159.169,2022-01-27 17:27:13.999219

HTTP,408,www.gigaom.com,/contact/submit.html,83.43.205.148,2022-01-27 17:27:13.999255

HTTP,207,www.cloudera.com,/about.html,37.47.3.163,2022-01-27 17:27:13.999282

HTTP,415,www.infiniteskills.com,/contact/submit.html,1.215.10.195,2022-01-27 17:27:13.999309

HTTP,413,www.gigaom.com,/contact.html,120.92.180.58,2022-01-27 17:27:13.999335

HTTP,102,www.globalknowledge.com,/products.html,224.240.26.203,2022-01-27 17:27:13.999361

HTTP,500,www.globalknowledge.com,/services.html,119.24.170.197,2022-01-27 17:27:13.999389

HTTP,502,www.globalknowledge.com,/contact.html,30.11.202.182,2022-01-27 17:27:13.999425

HTTP,409,www.cloudera.com,/products.html,252.253.28.98,2022-01-27 17:27:13.999459

HTTP,402,www.cloudera.com,/support.html,110.197.15.139,2022-01-27 17:27:13.999488

HTTP,201,flume.apache.org,/services.html,143.56.150.108,2022-01-27 17:27:13.999517

HTTP,301,flume.apache.org,/about.html,94.94.176.121,2022-01-27 17:27:13.999550

HTTP,204,hadoop.apache.org,/products.html,120.68.56.73,2022-01-27 17:27:13.999576

HTTP,417,www.gigaom.com,/index.html,69.153.92.142,2022-01-27 17:27:13.999604

HTTP,400,hadoop.apache.org,/services.html,239.133.192.33,2022-01-27 17:27:13.999632

HTTP,422,www.globalknowledge.com,/contact.html,131.140.28.108,2022-01-27 17:27:13.999667

HTTP,422,hadoop.apache.org,/services.html,88.74.233.141,2022-01-27 17:27:13.999698

HTTP,206,www.infiniteskills.com,/services.html,4.160.139.184,2022-01-27 17:27:13.999726

HTTP,100,www.gigaom.com,/products.html,9.52.162.204,2022-01-27 17:27:13.999759

HTTP,400,www.cloudera.com,/index.html,21.117.194.221,2022-01-27 17:27:13.999787

HTTP,408,www.cloudera.com,/services.html,176.3.34.232,2022-01-27 17:27:13.999823

HTTP,226,www.quicloud.com,/products.html,9.127.64.115,2022-01-27 17:27:13.999852

HTTP,408,flume.apache.org,/products.html,76.148.247.207,2022-01-27 17:27:13.999899

HTTP,409,console.amazon.com,/index.html,200.182.150.142,2022-01-27 17:27:13.999942

HTTP,102,console.amazon.com,/about.html,45.34.241.182,2022-01-27 17:27:14.000027

HTTP,426,www.globalknowledge.com,/contact/submit.html,5.65.4.214,2022-01-27 17:27:14.000143

HTTP,402,flume.apache.org,/about.html,29.3.175.90,2022-01-27 17:27:14.000181

HTTP,200,www.gigaom.com,/contact/submit.html,22.103.122.103,2022-01-27 17:27:14.000213

HTTP,507,hadoop.apache.org,/about.html,250.137.54.20,2022-01-27 17:27:14.000242

HTTP,405,hadoop.apache.org,/index.html,178.23.135.207,2022-01-27 17:27:14.000267

HTTP,404,hadoop.apache.org,/services.html,204.59.169.108,2022-01-27 17:27:14.000293

HTTP,405,console.amazon.com,/contact.html,209.99.91.237,2022-01-27 17:27:14.000321

HTTP,303,www.cloudera.com,/index.html,181.172.43.98,2022-01-27 17:27:14.000349

HTTP,201,hadoop.apache.org,/contact/submit.html,97.65.147.143,2022-01-27 17:27:14.000380

HTTP,102,www.infiniteskills.com,/contact/submit.html,217.154.249.123,2022-01-27 17:27:14.000408

HTTP,405,console.amazon.com,/contact/submit.html,38.230.33.15,2022-01-27 17:27:14.000437

HTTP,416,hadoop.apache.org,/contact/submit.html,245.38.41.104,2022-01-27 17:27:14.000467

HTTP,423,www.gigaom.com,/about.html,1.181.84.81,2022-01-27 17:27:14.000680

HTTP,503,www.quicloud.com,/about.html,164.201.8.99,2022-01-27 17:27:14.000716

HTTP,203,hadoop.apache.org,/products.html,25.242.44.150,2022-01-27 17:27:14.000762

HTTP,503,www.gigaom.com,/contact/submit.html,47.224.246.220,2022-01-27 17:27:14.000791

HTTP,411,www.infiniteskills.com,/contact/submit.html,195.210.147.53,2022-01-27 17:27:14.000817

HTTP,405,www.quicloud.com,/services.html,63.85.0.181,2022-01-27 17:27:14.000849

HTTP,503,hadoop.apache.org,/products.html,77.8.118.231,2022-01-27 17:27:14.000888

HTTP,411,console.amazon.com,/contact/submit.html,212.169.168.94,2022-01-27 17:27:14.001174

HTTP,301,www.cloudera.com,/products.html,193.230.199.16,2022-01-27 17:27:14.001273

HTTP,205,hadoop.apache.org,/about.html,190.179.248.190,2022-01-27 17:27:14.501928

HTTP,505,www.cloudera.com,/contact/submit.html,51.159.229.165,2022-01-27 17:27:14.501968

HTTP,401,www.cloudera.com,/support.html,50.33.194.146,2022-01-27 17:27:14.501979

HTTP,503,www.cloudera.com,/about.html,104.39.14.78,2022-01-27 17:27:14.501989

HTTP,304,www.gigaom.com,/services.html,208.238.152.55,2022-01-27 17:27:14.501999

HTTP,301,console.amazon.com,/support.html,178.147.110.12,2022-01-27 17:27:14.502008

HTTP,305,www.infiniteskills.com,/about.html,83.88.67.54,2022-01-27 17:27:14.502018

HTTP,226,www.cloudera.com,/contact/submit.html,224.212.129.217,2022-01-27 17:27:14.502027

HTTP,501,console.amazon.com,/products.html,56.182.248.74,2022-01-27 17:27:14.502036

HTTP,505,flume.apache.org,/contact.html,172.104.67.223,2022-01-27 17:27:14.502045

HTTP,413,www.quicloud.com,/products.html,231.214.13.238,2022-01-27 17:27:14.502055

HTTP,503,flume.apache.org,/products.html,141.231.87.2,2022-01-27 17:27:14.502065

HTTP,305,www.quicloud.com,/about.html,225.245.221.7,2022-01-27 17:27:14.502074

HTTP,412,www.quicloud.com,/about.html,58.230.250.178,2022-01-27 17:27:14.502083

HTTP,414,www.globalknowledge.com,/contact/submit.html,187.146.17.206,2022-01-27 17:27:14.502092

HTTP,402,flume.apache.org,/support.html,209.201.19.96,2022-01-27 17:27:14.502102

HTTP,303,www.globalknowledge.com,/products.html,219.242.166.173,2022-01-27 17:27:14.502111

HTTP,414,www.cloudera.com,/contact/submit.html,103.49.43.1,2022-01-27 17:27:14.502121

HTTP,412,www.cloudera.com,/about.html,118.65.112.235,2022-01-27 17:27:14.502130

HTTP,423,www.globalknowledge.com,/products.html,156.188.58.94,2022-01-27 17:27:14.502139

HTTP,201,flume.apache.org,/about.html,141.249.159.26,2022-01-27 17:27:14.502148

HTTP,100,www.gigaom.com,/products.html,9.191.186.35,2022-01-27 17:27:14.502157

HTTP,102,flume.apache.org,/contact/submit.html,17.39.43.220,2022-01-27 17:27:14.502167

HTTP,502,www.globalknowledge.com,/about.html,115.49.137.46,2022-01-27 17:27:14.502176

HTTP,300,www.infiniteskills.com,/about.html,33.189.191.157,2022-01-27 17:27:14.502186

HTTP,402,flume.apache.org,/index.html,144.252.65.170,2022-01-27 17:27:14.502195

HTTP,501,www.gigaom.com,/products.html,77.247.96.51,2022-01-27 17:27:14.502204

HTTP,304,console.amazon.com,/products.html,143.146.6.207,2022-01-27 17:27:14.502213

HTTP,407,console.amazon.com,/about.html,218.194.3.228,2022-01-27 17:27:14.502223

HTTP,403,www.gigaom.com,/products.html,2.114.170.129,2022-01-27 17:27:14.502232

HTTP,409,www.gigaom.com,/support.html,6.45.178.240,2022-01-27 17:27:14.502241

HTTP,206,console.amazon.com,/contact/submit.html,44.197.193.81,2022-01-27 17:27:14.502250

HTTP,413,www.quicloud.com,/contact.html,82.214.1.229,2022-01-27 17:27:14.502260

HTTP,413,flume.apache.org,/index.html,251.131.20.43,2022-01-27 17:27:14.502269

HTTP,413,www.quicloud.com,/products.html,66.192.156.150,2022-01-27 17:27:14.502278

HTTP,302,console.amazon.com,/support.html,122.6.21.111,2022-01-27 17:27:14.502289

HTTP,300,flume.apache.org,/products.html,250.128.92.60,2022-01-27 17:27:14.502298

HTTP,307,www.cloudera.com,/services.html,173.71.173.53,2022-01-27 17:27:14.502307

HTTP,200,console.amazon.com,/contact.html,82.175.58.60,2022-01-27 17:27:14.502317

HTTP,416,www.cloudera.com,/products.html,122.232.21.53,2022-01-27 17:27:14.502329

HTTP,505,www.cloudera.com,/support.html,97.253.27.91,2022-01-27 17:27:14.502338

HTTP,204,www.cloudera.com,/support.html,91.215.90.6,2022-01-27 17:27:14.502347

HTTP,505,console.amazon.com,/services.html,22.149.15.46,2022-01-27 17:27:14.502356

HTTP,510,www.cloudera.com,/products.html,235.112.189.194,2022-01-27 17:27:14.502365

HTTP,423,console.amazon.com,/services.html,27.169.230.85,2022-01-27 17:27:14.502374

HTTP,422,www.gigaom.com,/products.html,248.184.60.95,2022-01-27 17:27:14.502383

HTTP,206,www.infiniteskills.com,/support.html,174.93.141.170,2022-01-27 17:27:14.502393

HTTP,201,console.amazon.com,/contact.html,104.46.6.229,2022-01-27 17:27:14.502405

HTTP,414,www.cloudera.com,/services.html,63.126.145.249,2022-01-27 17:27:14.502414

HTTP,415,hadoop.apache.org,/services.html,114.166.232.253,2022-01-27 17:27:14.502423

HTTP,503,console.amazon.com,/support.html,252.3.31.254,2022-01-27 17:27:15.003220

HTTP,409,www.infiniteskills.com,/support.html,217.92.116.39,2022-01-27 17:27:15.003277

HTTP,400,www.globalknowledge.com,/index.html,6.56.165.64,2022-01-27 17:27:15.003299

HTTP,204,console.amazon.com,/support.html,249.66.206.67,2022-01-27 17:27:15.003313

HTTP,203,www.quicloud.com,/index.html,128.51.219.82,2022-01-27 17:27:15.003332

HTTP,100,console.amazon.com,/index.html,87.194.84.225,2022-01-27 17:27:15.003347

HTTP,202,www.gigaom.com,/contact/submit.html,210.160.178.52,2022-01-27 17:27:15.003367

HTTP,500,hadoop.apache.org,/index.html,49.54.119.206,2022-01-27 17:27:15.003382

HTTP,426,www.gigaom.com,/support.html,251.196.93.245,2022-01-27 17:27:15.003402

HTTP,200,hadoop.apache.org,/products.html,87.238.239.147,2022-01-27 17:27:15.003451

HTTP,226,hadoop.apache.org,/support.html,188.243.210.160,2022-01-27 17:27:15.003479

HTTP,502,www.cloudera.com,/contact.html,242.35.7.124,2022-01-27 17:27:15.003493

HTTP,300,www.cloudera.com,/about.html,60.3.104.158,2022-01-27 17:27:15.003507

HTTP,226,www.globalknowledge.com,/contact/submit.html,50.254.43.93,2022-01-27 17:27:15.003521

HTTP,412,console.amazon.com,/contact.html,178.79.127.25,2022-01-27 17:27:15.003535

HTTP,307,www.cloudera.com,/index.html,75.198.163.187,2022-01-27 17:27:15.003549

HTTP,426,www.cloudera.com,/contact/submit.html,114.184.180.217,2022-01-27 17:27:15.003563

HTTP,426,flume.apache.org,/contact.html,223.115.55.10,2022-01-27 17:27:15.003580

HTTP,407,flume.apache.org,/services.html,107.79.83.46,2022-01-27 17:27:15.003593

HTTP,407,flume.apache.org,/support.html,74.179.128.222,2022-01-27 17:27:15.003607

HTTP,423,www.gigaom.com,/about.html,162.230.104.171,2022-01-27 17:27:15.003619

HTTP,301,www.cloudera.com,/about.html,160.67.206.230,2022-01-27 17:27:15.003635

HTTP,202,www.globalknowledge.com,/contact.html,202.69.39.73,2022-01-27 17:27:15.003670

HTTP,207,www.cloudera.com,/support.html,33.174.184.94,2022-01-27 17:27:15.003691

HTTP,413,www.globalknowledge.com,/contact/submit.html,186.17.230.244,2022-01-27 17:27:15.003709

HTTP,504,www.cloudera.com,/contact/submit.html,68.97.97.16,2022-01-27 17:27:15.003726

HTTP,411,hadoop.apache.org,/contact/submit.html,214.140.85.163,2022-01-27 17:27:15.003748

HTTP,423,www.cloudera.com,/about.html,125.239.74.70,2022-01-27 17:27:15.003764

HTTP,205,console.amazon.com,/contact/submit.html,27.134.245.163,2022-01-27 17:27:15.003781

HTTP,507,hadoop.apache.org,/products.html,40.41.135.228,2022-01-27 17:27:15.003797

HTTP,409,www.cloudera.com,/services.html,111.6.160.193,2022-01-27 17:27:15.003818

HTTP,101,flume.apache.org,/services.html,117.181.189.121,2022-01-27 17:27:15.003834

HTTP,203,www.cloudera.com,/contact/submit.html,106.100.178.78,2022-01-27 17:27:15.003850

HTTP,307,www.cloudera.com,/support.html,117.189.47.13,2022-01-27 17:27:15.003871

HTTP,301,www.infiniteskills.com,/index.html,156.4.73.33,2022-01-27 17:27:15.003887

HTTP,300,console.amazon.com,/contact.html,144.23.240.93,2022-01-27 17:27:15.003903

HTTP,424,flume.apache.org,/services.html,198.206.87.138,2022-01-27 17:27:15.003924

HTTP,403,www.cloudera.com,/contact.html,115.48.247.132,2022-01-27 17:27:15.003942

HTTP,505,hadoop.apache.org,/index.html,184.253.107.244,2022-01-27 17:27:15.003961

HTTP,404,www.quicloud.com,/index.html,162.42.169.212,2022-01-27 17:27:15.003977

HTTP,304,www.infiniteskills.com,/contact/submit.html,100.201.3.198,2022-01-27 17:27:15.004000

HTTP,202,www.cloudera.com,/services.html,222.178.19.175,2022-01-27 17:27:15.004020

HTTP,407,www.gigaom.com,/contact.html,154.46.253.97,2022-01-27 17:27:15.004037

HTTP,426,console.amazon.com,/products.html,141.196.212.229,2022-01-27 17:27:15.004058

HTTP,101,www.gigaom.com,/about.html,15.1.171.240,2022-01-27 17:27:15.004074

HTTP,200,console.amazon.com,/contact/submit.html,110.4.40.155,2022-01-27 17:27:15.004296

HTTP,303,www.globalknowledge.com,/products.html,105.52.44.46,2022-01-27 17:27:15.004320

HTTP,307,www.gigaom.com,/contact/submit.html,93.156.146.37,2022-01-27 17:27:15.004376

HTTP,406,www.globalknowledge.com,/services.html,208.1.161.106,2022-01-27 17:27:15.004393

HTTP,408,www.gigaom.com,/services.html,35.247.144.219,2022-01-27 17:27:15.004409

HTTP,415,www.cloudera.com,/index.html,196.171.74.24,2022-01-27 17:27:15.506858

HTTP,201,hadoop.apache.org,/about.html,31.239.10.74,2022-01-27 17:27:15.506984

HTTP,423,www.quicloud.com,/index.html,3.41.152.42,2022-01-27 17:27:15.507005

HTTP,202,www.quicloud.com,/contact/submit.html,32.72.1.66,2022-01-27 17:27:15.507032

HTTP,307,hadoop.apache.org,/support.html,231.249.209.89,2022-01-27 17:27:15.507052

HTTP,101,flume.apache.org,/services.html,189.106.15.174,2022-01-27 17:27:15.507070

HTTP,410,www.quicloud.com,/support.html,47.137.193.32,2022-01-27 17:27:15.507088

HTTP,408,www.globalknowledge.com,/contact.html,200.251.197.64,2022-01-27 17:27:15.507106

HTTP,102,flume.apache.org,/support.html,196.185.224.78,2022-01-27 17:27:15.507125

HTTP,305,flume.apache.org,/about.html,252.25.54.161,2022-01-27 17:27:15.507142

HTTP,402,flume.apache.org,/index.html,72.73.91.149,2022-01-27 17:27:15.507160

HTTP,510,www.infiniteskills.com,/services.html,199.102.14.173,2022-01-27 17:27:15.507177

HTTP,411,console.amazon.com,/support.html,2.148.5.68,2022-01-27 17:27:15.507195

HTTP,400,hadoop.apache.org,/products.html,242.18.192.252,2022-01-27 17:27:15.507214

HTTP,401,flume.apache.org,/products.html,148.170.148.112,2022-01-27 17:27:15.507231

HTTP,402,www.gigaom.com,/services.html,253.21.14.228,2022-01-27 17:27:15.507254

HTTP,205,www.gigaom.com,/services.html,9.87.192.89,2022-01-27 17:27:15.507272

HTTP,303,www.infiniteskills.com,/services.html,169.186.161.106,2022-01-27 17:27:15.507290

HTTP,102,www.cloudera.com,/products.html,228.198.25.208,2022-01-27 17:27:15.507307

HTTP,101,www.globalknowledge.com,/index.html,54.26.34.198,2022-01-27 17:27:15.507328

HTTP,510,www.globalknowledge.com,/index.html,179.241.250.182,2022-01-27 17:27:15.507346

HTTP,401,console.amazon.com,/about.html,170.85.14.72,2022-01-27 17:27:15.507363

HTTP,424,www.globalknowledge.com,/contact/submit.html,23.207.120.195,2022-01-27 17:27:15.507380

HTTP,413,console.amazon.com,/about.html,106.151.0.154,2022-01-27 17:27:15.507398

HTTP,408,hadoop.apache.org,/contact/submit.html,167.196.177.84,2022-01-27 17:27:15.507418

HTTP,205,hadoop.apache.org,/support.html,65.26.237.220,2022-01-27 17:27:15.507484

HTTP,101,www.cloudera.com,/services.html,212.232.88.12,2022-01-27 17:27:15.507505

HTTP,205,www.gigaom.com,/contact/submit.html,248.186.71.14,2022-01-27 17:27:15.507523

HTTP,422,www.gigaom.com,/about.html,228.76.160.33,2022-01-27 17:27:15.507543

HTTP,307,www.globalknowledge.com,/about.html,38.35.28.241,2022-01-27 17:27:15.507568

HTTP,301,www.cloudera.com,/services.html,188.10.187.141,2022-01-27 17:27:15.507620

HTTP,503,www.globalknowledge.com,/index.html,78.143.192.246,2022-01-27 17:27:15.507647

HTTP,402,www.gigaom.com,/support.html,146.61.74.14,2022-01-27 17:27:15.507682

HTTP,414,flume.apache.org,/products.html,220.150.80.104,2022-01-27 17:27:15.507704

HTTP,405,www.cloudera.com,/support.html,135.34.6.133,2022-01-27 17:27:15.507728

HTTP,505,hadoop.apache.org,/contact/submit.html,187.216.54.72,2022-01-27 17:27:15.507746

HTTP,300,flume.apache.org,/services.html,254.142.48.247,2022-01-27 17:27:15.507764

HTTP,303,hadoop.apache.org,/index.html,111.53.235.74,2022-01-27 17:27:15.507781

HTTP,304,www.quicloud.com,/contact/submit.html,231.218.245.90,2022-01-27 17:27:15.507804

HTTP,410,www.globalknowledge.com,/services.html,199.201.224.22,2022-01-27 17:27:15.507822

HTTP,413,flume.apache.org,/products.html,2.162.167.42,2022-01-27 17:27:15.507839

HTTP,422,www.globalknowledge.com,/services.html,149.231.64.211,2022-01-27 17:27:15.507856

HTTP,305,www.gigaom.com,/about.html,174.77.74.34,2022-01-27 17:27:15.507878

HTTP,409,www.cloudera.com,/index.html,47.218.203.9,2022-01-27 17:27:15.507896

HTTP,100,www.gigaom.com,/contact.html,207.3.131.138,2022-01-27 17:27:15.507914

HTTP,408,www.cloudera.com,/contact.html,238.205.72.199,2022-01-27 17:27:15.507937

HTTP,305,www.infiniteskills.com,/products.html,165.4.221.197,2022-01-27 17:27:15.507955

HTTP,406,www.cloudera.com,/services.html,55.156.185.134,2022-01-27 17:27:15.507977

HTTP,423,www.gigaom.com,/about.html,170.151.148.221,2022-01-27 17:27:15.507995

HTTP,304,console.amazon.com,/services.html,185.165.205.19,2022-01-27 17:27:15.508017

HTTP,307,www.gigaom.com,/about.html,7.184.88.188,2022-01-27 17:27:16.009803

HTTP,411,console.amazon.com,/contact.html,25.181.150.113,2022-01-27 17:27:16.009868

HTTP,305,console.amazon.com,/services.html,188.225.6.153,2022-01-27 17:27:16.009892

HTTP,403,console.amazon.com,/index.html,151.129.60.0,2022-01-27 17:27:16.009911

HTTP,412,www.cloudera.com,/about.html,167.111.178.96,2022-01-27 17:27:16.009928

HTTP,423,flume.apache.org,/services.html,128.182.24.169,2022-01-27 17:27:16.009947

HTTP,201,console.amazon.com,/contact/submit.html,154.3.75.100,2022-01-27 17:27:16.009965

HTTP,510,www.globalknowledge.com,/products.html,175.133.98.153,2022-01-27 17:27:16.009987

HTTP,307,www.quicloud.com,/products.html,97.177.229.220,2022-01-27 17:27:16.010011

HTTP,507,www.cloudera.com,/services.html,106.109.150.63,2022-01-27 17:27:16.010034

HTTP,402,console.amazon.com,/about.html,224.207.74.219,2022-01-27 17:27:16.010053

HTTP,102,www.infiniteskills.com,/contact/submit.html,84.130.108.88,2022-01-27 17:27:16.010071

HTTP,201,console.amazon.com,/about.html,88.137.39.199,2022-01-27 17:27:16.010093

HTTP,400,hadoop.apache.org,/contact/submit.html,47.103.15.94,2022-01-27 17:27:16.010110

HTTP,307,www.cloudera.com,/services.html,116.80.68.60,2022-01-27 17:27:16.010132

HTTP,307,www.globalknowledge.com,/index.html,92.162.200.9,2022-01-27 17:27:16.010151

HTTP,415,www.infiniteskills.com,/contact.html,245.131.175.94,2022-01-27 17:27:16.010173

HTTP,204,hadoop.apache.org,/products.html,44.37.151.117,2022-01-27 17:27:16.010186

HTTP,403,hadoop.apache.org,/about.html,153.46.215.116,2022-01-27 17:27:16.010201

HTTP,505,www.globalknowledge.com,/support.html,127.96.175.238,2022-01-27 17:27:16.010213

HTTP,307,www.cloudera.com,/about.html,80.226.123.67,2022-01-27 17:27:16.010228

HTTP,410,www.gigaom.com,/support.html,159.205.153.80,2022-01-27 17:27:16.010241

HTTP,411,flume.apache.org,/contact.html,99.26.67.192,2022-01-27 17:27:16.010254

HTTP,404,www.cloudera.com,/services.html,49.103.105.234,2022-01-27 17:27:16.010269

HTTP,205,www.quicloud.com,/products.html,170.67.115.98,2022-01-27 17:27:16.010281

HTTP,423,www.globalknowledge.com,/products.html,16.249.24.142,2022-01-27 17:27:16.010297

HTTP,207,www.globalknowledge.com,/index.html,94.142.51.93,2022-01-27 17:27:16.010309

HTTP,206,hadoop.apache.org,/contact/submit.html,50.107.39.252,2022-01-27 17:27:16.010321

HTTP,307,www.quicloud.com,/contact.html,159.106.205.108,2022-01-27 17:27:16.010381

HTTP,424,www.globalknowledge.com,/products.html,186.52.187.29,2022-01-27 17:27:16.010395

HTTP,205,www.gigaom.com,/products.html,185.98.228.107,2022-01-27 17:27:16.010407

HTTP,203,www.gigaom.com,/about.html,105.153.96.87,2022-01-27 17:27:16.010419

HTTP,204,www.quicloud.com,/services.html,95.209.220.119,2022-01-27 17:27:16.010431

HTTP,307,www.infiniteskills.com,/services.html,144.247.241.36,2022-01-27 17:27:16.010443

HTTP,416,www.globalknowledge.com,/products.html,152.138.118.25,2022-01-27 17:27:16.010456

HTTP,405,console.amazon.com,/index.html,226.40.203.106,2022-01-27 17:27:16.010468

HTTP,502,www.quicloud.com,/contact/submit.html,23.210.186.153,2022-01-27 17:27:16.010480

HTTP,202,www.quicloud.com,/products.html,80.33.67.35,2022-01-27 17:27:16.010492

HTTP,226,hadoop.apache.org,/support.html,118.198.170.167,2022-01-27 17:27:16.010522

HTTP,409,www.infiniteskills.com,/services.html,60.254.137.141,2022-01-27 17:27:16.010537

HTTP,411,www.globalknowledge.com,/services.html,204.235.34.101,2022-01-27 17:27:16.010548

HTTP,403,www.gigaom.com,/index.html,142.120.161.204,2022-01-27 17:27:16.010670

HTTP,413,www.globalknowledge.com,/support.html,246.209.123.243,2022-01-27 17:27:16.010683

HTTP,303,console.amazon.com,/contact.html,250.60.247.188,2022-01-27 17:27:16.010696

HTTP,204,console.amazon.com,/products.html,75.213.97.116,2022-01-27 17:27:16.010738

HTTP,501,www.globalknowledge.com,/contact.html,13.106.55.54,2022-01-27 17:27:16.010751

HTTP,304,flume.apache.org,/contact.html,23.62.78.115,2022-01-27 17:27:16.010763

HTTP,101,www.cloudera.com,/about.html,159.60.148.180,2022-01-27 17:27:16.010775

HTTP,203,www.quicloud.com,/about.html,215.7.45.241,2022-01-27 17:27:16.010787

HTTP,204,console.amazon.com,/contact/submit.html,197.110.226.6,2022-01-27 17:27:16.010799

HTTP,304,www.globalknowledge.com,/index.html,135.99.23.130,2022-01-27 17:27:16.512317

HTTP,414,hadoop.apache.org,/products.html,193.211.67.105,2022-01-27 17:27:16.512444

HTTP,404,hadoop.apache.org,/products.html,31.160.88.24,2022-01-27 17:27:16.512470

HTTP,202,www.cloudera.com,/contact.html,211.72.193.191,2022-01-27 17:27:16.512489

HTTP,401,www.quicloud.com,/support.html,190.150.9.130,2022-01-27 17:27:16.512509

HTTP,202,www.infiniteskills.com,/support.html,15.36.34.214,2022-01-27 17:27:16.512527

HTTP,201,console.amazon.com,/about.html,116.75.166.149,2022-01-27 17:27:16.512545

HTTP,411,hadoop.apache.org,/contact.html,95.221.106.215,2022-01-27 17:27:16.512562

HTTP,101,www.quicloud.com,/about.html,253.183.126.57,2022-01-27 17:27:16.512580

HTTP,226,hadoop.apache.org,/index.html,221.54.142.27,2022-01-27 17:27:16.512598

HTTP,200,www.quicloud.com,/about.html,186.81.168.37,2022-01-27 17:27:16.512623

HTTP,201,console.amazon.com,/services.html,0.159.229.57,2022-01-27 17:27:16.512641

HTTP,102,flume.apache.org,/services.html,134.108.64.226,2022-01-27 17:27:16.512729

HTTP,400,www.gigaom.com,/products.html,242.209.72.131,2022-01-27 17:27:16.512752

HTTP,207,www.gigaom.com,/products.html,172.40.46.26,2022-01-27 17:27:16.512770

HTTP,412,console.amazon.com,/about.html,92.57.103.119,2022-01-27 17:27:16.512788

HTTP,424,www.quicloud.com,/services.html,215.168.161.47,2022-01-27 17:27:16.512806

HTTP,503,flume.apache.org,/about.html,62.129.134.194,2022-01-27 17:27:16.512823

HTTP,100,www.infiniteskills.com,/products.html,154.34.39.13,2022-01-27 17:27:16.512840

HTTP,102,www.gigaom.com,/index.html,126.246.171.56,2022-01-27 17:27:16.512863

HTTP,416,console.amazon.com,/contact/submit.html,155.118.172.245,2022-01-27 17:27:16.512881

HTTP,404,hadoop.apache.org,/services.html,96.139.51.54,2022-01-27 17:27:16.512903

HTTP,507,hadoop.apache.org,/support.html,252.93.204.137,2022-01-27 17:27:16.512921

HTTP,417,www.cloudera.com,/index.html,102.161.127.90,2022-01-27 17:27:16.512939

HTTP,226,www.cloudera.com,/about.html,81.143.1.143,2022-01-27 17:27:16.512962

HTTP,407,hadoop.apache.org,/contact/submit.html,215.132.226.110,2022-01-27 17:27:16.512981

HTTP,304,www.gigaom.com,/index.html,204.8.172.130,2022-01-27 17:27:16.512999

HTTP,426,hadoop.apache.org,/contact/submit.html,66.131.250.85,2022-01-27 17:27:16.513017

HTTP,402,www.gigaom.com,/index.html,115.218.234.170,2022-01-27 17:27:16.513038

HTTP,202,www.quicloud.com,/contact.html,140.38.232.244,2022-01-27 17:27:16.513060

HTTP,424,www.quicloud.com,/services.html,108.99.238.246,2022-01-27 17:27:16.513078

HTTP,409,www.globalknowledge.com,/contact/submit.html,35.106.78.148,2022-01-27 17:27:16.513095

HTTP,101,www.globalknowledge.com,/contact/submit.html,28.18.205.214,2022-01-27 17:27:16.513118

HTTP,417,console.amazon.com,/services.html,1.11.219.197,2022-01-27 17:27:16.513136

HTTP,414,flume.apache.org,/products.html,124.66.10.247,2022-01-27 17:27:16.513154

HTTP,202,console.amazon.com,/products.html,41.236.157.126,2022-01-27 17:27:16.513176

HTTP,400,flume.apache.org,/services.html,111.181.68.219,2022-01-27 17:27:16.513194

HTTP,510,hadoop.apache.org,/support.html,154.245.61.179,2022-01-27 17:27:16.513216

HTTP,411,www.globalknowledge.com,/contact.html,238.85.165.23,2022-01-27 17:27:16.513234

HTTP,412,www.quicloud.com,/products.html,126.253.149.246,2022-01-27 17:27:16.513257

HTTP,507,flume.apache.org,/contact.html,161.101.7.248,2022-01-27 17:27:16.513274

HTTP,226,www.quicloud.com,/services.html,234.150.24.198,2022-01-27 17:27:16.513299

HTTP,422,console.amazon.com,/index.html,15.206.17.75,2022-01-27 17:27:16.513324

HTTP,405,console.amazon.com,/contact/submit.html,1.99.14.245,2022-01-27 17:27:16.513343

HTTP,410,www.gigaom.com,/index.html,30.177.66.111,2022-01-27 17:27:16.513366

HTTP,415,www.cloudera.com,/products.html,0.209.115.179,2022-01-27 17:27:16.513389

HTTP,302,www.infiniteskills.com,/support.html,188.210.218.247,2022-01-27 17:27:16.513408

HTTP,426,www.quicloud.com,/contact.html,133.110.130.232,2022-01-27 17:27:16.513485

HTTP,201,www.cloudera.com,/support.html,236.226.233.100,2022-01-27 17:27:16.513507

HTTP,307,flume.apache.org,/contact/submit.html,100.15.116.164,2022-01-27 17:27:16.513529

